标题,标题链接,时间,标题1,正文,字段
新闻1：数据源盘点丨230个新闻媒体数据源汇总，附下载链接！,https://demo.bazhuayu.com/1,2022-08-05 16:43,1新闻内容详情,"1新闻详情内容，以下为示例内容：




八爪鱼采集器整合了网页数据采集、移动互联网数据及API接口服务（包括数据爬虫、数据优化、数据挖掘、数据存储、数据备份）等服务为一体的数据采集工具，已连续6年蝉联互联网数据采集软件榜单第一名，截止2021年全球用户已突破300万。




模板采集模式：内置上百种主流网站数据源，如京东、天猫、大众点评等热门采集网站，只需参照模板简单设置参数，就可以快速获取网站公开数据。




智能采集：八爪鱼采集可根据不同网站，提供多种网页采集策略与配套资源，可自定义配置，组合运用，自动化处理。从而帮助整个采集过程实现数据的完整性与稳定性。




云采集：由5000多台云服务器支撑的云采集，7*24小时不间断运行，可实现定时采集，无需人员值守，灵活契合业务场景，帮你提升采集效率，保障数据时效性。",作者：keven
新闻2：贸易大顺差、人民币升值的逻辑为什么失灵了？,https://demo.bazhuayu.com/2,2022-08-05 16:00,2新闻内容详情,"2新闻详情内容，以下为示例内容：




八爪鱼采集器整合了网页数据采集、移动互联网数据及API接口服务（包括数据爬虫、数据优化、数据挖掘、数据存储、数据备份）等服务为一体的数据采集工具，已连续6年蝉联互联网数据采集软件榜单第一名，截止2021年全球用户已突破300万。




模板采集模式：内置上百种主流网站数据源，如京东、天猫、大众点评等热门采集网站，只需参照模板简单设置参数，就可以快速获取网站公开数据。




智能采集：八爪鱼采集可根据不同网站，提供多种网页采集策略与配套资源，可自定义配置，组合运用，自动化处理。从而帮助整个采集过程实现数据的完整性与稳定性。




云采集：由5000多台云服务器支撑的云采集，7*24小时不间断运行，可实现定时采集，无需人员值守，灵活契合业务场景，帮你提升采集效率，保障数据时效性。",作者：keven
新闻3：美方要求两家美国公司停止对华出口两种顶级计算芯片，外交部回应,https://demo.bazhuayu.com/3,2022-08-05 16:00,3新闻内容详情,"3新闻详情内容，以下为示例内容：




八爪鱼采集器整合了网页数据采集、移动互联网数据及API接口服务（包括数据爬虫、数据优化、数据挖掘、数据存储、数据备份）等服务为一体的数据采集工具，已连续6年蝉联互联网数据采集软件榜单第一名，截止2021年全球用户已突破300万。




模板采集模式：内置上百种主流网站数据源，如京东、天猫、大众点评等热门采集网站，只需参照模板简单设置参数，就可以快速获取网站公开数据。




智能采集：八爪鱼采集可根据不同网站，提供多种网页采集策略与配套资源，可自定义配置，组合运用，自动化处理。从而帮助整个采集过程实现数据的完整性与稳定性。




云采集：由5000多台云服务器支撑的云采集，7*24小时不间断运行，可实现定时采集，无需人员值守，灵活契合业务场景，帮你提升采集效率，保障数据时效性。",作者：keven
新闻4：市场监管总局：疫苗等不得网络销售，对处方药网络销售实行实名制,https://demo.bazhuayu.com/4,2022-08-05 16:00,4新闻内容详情,"4新闻详情内容，以下为示例内容：




八爪鱼采集器整合了网页数据采集、移动互联网数据及API接口服务（包括数据爬虫、数据优化、数据挖掘、数据存储、数据备份）等服务为一体的数据采集工具，已连续6年蝉联互联网数据采集软件榜单第一名，截止2021年全球用户已突破300万。




模板采集模式：内置上百种主流网站数据源，如京东、天猫、大众点评等热门采集网站，只需参照模板简单设置参数，就可以快速获取网站公开数据。




智能采集：八爪鱼采集可根据不同网站，提供多种网页采集策略与配套资源，可自定义配置，组合运用，自动化处理。从而帮助整个采集过程实现数据的完整性与稳定性。




云采集：由5000多台云服务器支撑的云采集，7*24小时不间断运行，可实现定时采集，无需人员值守，灵活契合业务场景，帮你提升采集效率，保障数据时效性。",作者：keven
新闻5：美方要求两家美国公司停止对华出口两种顶级计算芯片，外交部回应,https://demo.bazhuayu.com/5,2022-08-05 16:00,5新闻内容详情,"5新闻详情内容，以下为示例内容：




八爪鱼采集器整合了网页数据采集、移动互联网数据及API接口服务（包括数据爬虫、数据优化、数据挖掘、数据存储、数据备份）等服务为一体的数据采集工具，已连续6年蝉联互联网数据采集软件榜单第一名，截止2021年全球用户已突破300万。




模板采集模式：内置上百种主流网站数据源，如京东、天猫、大众点评等热门采集网站，只需参照模板简单设置参数，就可以快速获取网站公开数据。




智能采集：八爪鱼采集可根据不同网站，提供多种网页采集策略与配套资源，可自定义配置，组合运用，自动化处理。从而帮助整个采集过程实现数据的完整性与稳定性。




云采集：由5000多台云服务器支撑的云采集，7*24小时不间断运行，可实现定时采集，无需人员值守，灵活契合业务场景，帮你提升采集效率，保障数据时效性。",作者：keven
新闻6：持续炒作！日防卫省宣称中方导弹驱逐舰穿过宫古海峡，驶向太平洋,https://demo.bazhuayu.com/6,2022-08-05 16:43,6新闻内容详情,"6新闻详情内容，以下为示例内容：




八爪鱼采集器整合了网页数据采集、移动互联网数据及API接口服务（包括数据爬虫、数据优化、数据挖掘、数据存储、数据备份）等服务为一体的数据采集工具，已连续6年蝉联互联网数据采集软件榜单第一名，截止2021年全球用户已突破300万。




模板采集模式：内置上百种主流网站数据源，如京东、天猫、大众点评等热门采集网站，只需参照模板简单设置参数，就可以快速获取网站公开数据。




智能采集：八爪鱼采集可根据不同网站，提供多种网页采集策略与配套资源，可自定义配置，组合运用，自动化处理。从而帮助整个采集过程实现数据的完整性与稳定性。




云采集：由5000多台云服务器支撑的云采集，7*24小时不间断运行，可实现定时采集，无需人员值守，灵活契合业务场景，帮你提升采集效率，保障数据时效性。",作者：keven
新闻7：专家圈重点丨胡伟武解读美国《芯片和科学法案》：中国造芯，限不住,https://demo.bazhuayu.com/7,2022-08-05 16:00,7新闻内容详情,"7新闻详情内容，以下为示例内容：




八爪鱼采集器整合了网页数据采集、移动互联网数据及API接口服务（包括数据爬虫、数据优化、数据挖掘、数据存储、数据备份）等服务为一体的数据采集工具，已连续6年蝉联互联网数据采集软件榜单第一名，截止2021年全球用户已突破300万。




模板采集模式：内置上百种主流网站数据源，如京东、天猫、大众点评等热门采集网站，只需参照模板简单设置参数，就可以快速获取网站公开数据。




智能采集：八爪鱼采集可根据不同网站，提供多种网页采集策略与配套资源，可自定义配置，组合运用，自动化处理。从而帮助整个采集过程实现数据的完整性与稳定性。




云采集：由5000多台云服务器支撑的云采集，7*24小时不间断运行，可实现定时采集，无需人员值守，灵活契合业务场景，帮你提升采集效率，保障数据时效性。",作者：keven
新闻8：曼联与前锋安东尼签约至2027年 转会总价高达1亿欧,https://demo.bazhuayu.com/8,2022-08-05 16:00,8新闻内容详情,"8新闻详情内容，以下为示例内容：




八爪鱼采集器整合了网页数据采集、移动互联网数据及API接口服务（包括数据爬虫、数据优化、数据挖掘、数据存储、数据备份）等服务为一体的数据采集工具，已连续6年蝉联互联网数据采集软件榜单第一名，截止2021年全球用户已突破300万。




模板采集模式：内置上百种主流网站数据源，如京东、天猫、大众点评等热门采集网站，只需参照模板简单设置参数，就可以快速获取网站公开数据。




智能采集：八爪鱼采集可根据不同网站，提供多种网页采集策略与配套资源，可自定义配置，组合运用，自动化处理。从而帮助整个采集过程实现数据的完整性与稳定性。




云采集：由5000多台云服务器支撑的云采集，7*24小时不间断运行，可实现定时采集，无需人员值守，灵活契合业务场景，帮你提升采集效率，保障数据时效性。",作者：keven
新闻9：专家圈重点丨胡伟武解读美国《芯片和科学法案》：中国造芯，限不住,https://demo.bazhuayu.com/9,2022-08-05 16:00,9新闻内容详情,"9新闻详情内容，以下为示例内容：




八爪鱼采集器整合了网页数据采集、移动互联网数据及API接口服务（包括数据爬虫、数据优化、数据挖掘、数据存储、数据备份）等服务为一体的数据采集工具，已连续6年蝉联互联网数据采集软件榜单第一名，截止2021年全球用户已突破300万。




模板采集模式：内置上百种主流网站数据源，如京东、天猫、大众点评等热门采集网站，只需参照模板简单设置参数，就可以快速获取网站公开数据。




智能采集：八爪鱼采集可根据不同网站，提供多种网页采集策略与配套资源，可自定义配置，组合运用，自动化处理。从而帮助整个采集过程实现数据的完整性与稳定性。




云采集：由5000多台云服务器支撑的云采集，7*24小时不间断运行，可实现定时采集，无需人员值守，灵活契合业务场景，帮你提升采集效率，保障数据时效性。",作者：keven
新闻10：美方要求两家美国公司停止对华出口两种顶级计算芯片，外交部回应,https://demo.bazhuayu.com/10,2022-08-05 16:00,10新闻内容详情,"10新闻详情内容，以下为示例内容：




八爪鱼采集器整合了网页数据采集、移动互联网数据及API接口服务（包括数据爬虫、数据优化、数据挖掘、数据存储、数据备份）等服务为一体的数据采集工具，已连续6年蝉联互联网数据采集软件榜单第一名，截止2021年全球用户已突破300万。




模板采集模式：内置上百种主流网站数据源，如京东、天猫、大众点评等热门采集网站，只需参照模板简单设置参数，就可以快速获取网站公开数据。




智能采集：八爪鱼采集可根据不同网站，提供多种网页采集策略与配套资源，可自定义配置，组合运用，自动化处理。从而帮助整个采集过程实现数据的完整性与稳定性。




云采集：由5000多台云服务器支撑的云采集，7*24小时不间断运行，可实现定时采集，无需人员值守，灵活契合业务场景，帮你提升采集效率，保障数据时效性。",作者：keven
新闻11：解读泰山队现状，争冠没有主动权，未来要过3关，老将居多有弊端,https://demo.bazhuayu.com/11,2022-08-05 16:43,11新闻内容详情,"11新闻详情内容，以下为示例内容：




八爪鱼采集器整合了网页数据采集、移动互联网数据及API接口服务（包括数据爬虫、数据优化、数据挖掘、数据存储、数据备份）等服务为一体的数据采集工具，已连续6年蝉联互联网数据采集软件榜单第一名，截止2021年全球用户已突破300万。




模板采集模式：内置上百种主流网站数据源，如京东、天猫、大众点评等热门采集网站，只需参照模板简单设置参数，就可以快速获取网站公开数据。




智能采集：八爪鱼采集可根据不同网站，提供多种网页采集策略与配套资源，可自定义配置，组合运用，自动化处理。从而帮助整个采集过程实现数据的完整性与稳定性。




云采集：由5000多台云服务器支撑的云采集，7*24小时不间断运行，可实现定时采集，无需人员值守，灵活契合业务场景，帮你提升采集效率，保障数据时效性。",作者：keven
新闻12：3年赚1.6亿！皇马无愧豪门典范，安帅麾下18大将，全是精英,https://demo.bazhuayu.com/12,2022-08-05 16:00,12新闻内容详情,"12新闻详情内容，以下为示例内容：




八爪鱼采集器整合了网页数据采集、移动互联网数据及API接口服务（包括数据爬虫、数据优化、数据挖掘、数据存储、数据备份）等服务为一体的数据采集工具，已连续6年蝉联互联网数据采集软件榜单第一名，截止2021年全球用户已突破300万。




模板采集模式：内置上百种主流网站数据源，如京东、天猫、大众点评等热门采集网站，只需参照模板简单设置参数，就可以快速获取网站公开数据。




智能采集：八爪鱼采集可根据不同网站，提供多种网页采集策略与配套资源，可自定义配置，组合运用，自动化处理。从而帮助整个采集过程实现数据的完整性与稳定性。




云采集：由5000多台云服务器支撑的云采集，7*24小时不间断运行，可实现定时采集，无需人员值守，灵活契合业务场景，帮你提升采集效率，保障数据时效性。",作者：keven
新闻13：英伟达Orin一旦“有事”，国产自动驾驶芯片谁能替代？,https://demo.bazhuayu.com/13,2022-08-05 16:00,13新闻内容详情,"13新闻详情内容，以下为示例内容：




八爪鱼采集器整合了网页数据采集、移动互联网数据及API接口服务（包括数据爬虫、数据优化、数据挖掘、数据存储、数据备份）等服务为一体的数据采集工具，已连续6年蝉联互联网数据采集软件榜单第一名，截止2021年全球用户已突破300万。




模板采集模式：内置上百种主流网站数据源，如京东、天猫、大众点评等热门采集网站，只需参照模板简单设置参数，就可以快速获取网站公开数据。




智能采集：八爪鱼采集可根据不同网站，提供多种网页采集策略与配套资源，可自定义配置，组合运用，自动化处理。从而帮助整个采集过程实现数据的完整性与稳定性。




云采集：由5000多台云服务器支撑的云采集，7*24小时不间断运行，可实现定时采集，无需人员值守，灵活契合业务场景，帮你提升采集效率，保障数据时效性。",作者：keven
新闻14：元老“叛逃”，经销商“倒戈”，大家为何要背刺董明珠？,https://demo.bazhuayu.com/14,2022-08-05 16:00,14新闻内容详情,"14新闻详情内容，以下为示例内容：




八爪鱼采集器整合了网页数据采集、移动互联网数据及API接口服务（包括数据爬虫、数据优化、数据挖掘、数据存储、数据备份）等服务为一体的数据采集工具，已连续6年蝉联互联网数据采集软件榜单第一名，截止2021年全球用户已突破300万。




模板采集模式：内置上百种主流网站数据源，如京东、天猫、大众点评等热门采集网站，只需参照模板简单设置参数，就可以快速获取网站公开数据。




智能采集：八爪鱼采集可根据不同网站，提供多种网页采集策略与配套资源，可自定义配置，组合运用，自动化处理。从而帮助整个采集过程实现数据的完整性与稳定性。




云采集：由5000多台云服务器支撑的云采集，7*24小时不间断运行，可实现定时采集，无需人员值守，灵活契合业务场景，帮你提升采集效率，保障数据时效性。",作者：keven
新闻15：老教父造出硅谷新“黑帮”：现今硅谷半壁江山都出自这一家公司,https://demo.bazhuayu.com/15,2022-08-05 16:00,15新闻内容详情,"15新闻详情内容，以下为示例内容：




八爪鱼采集器整合了网页数据采集、移动互联网数据及API接口服务（包括数据爬虫、数据优化、数据挖掘、数据存储、数据备份）等服务为一体的数据采集工具，已连续6年蝉联互联网数据采集软件榜单第一名，截止2021年全球用户已突破300万。




模板采集模式：内置上百种主流网站数据源，如京东、天猫、大众点评等热门采集网站，只需参照模板简单设置参数，就可以快速获取网站公开数据。




智能采集：八爪鱼采集可根据不同网站，提供多种网页采集策略与配套资源，可自定义配置，组合运用，自动化处理。从而帮助整个采集过程实现数据的完整性与稳定性。




云采集：由5000多台云服务器支撑的云采集，7*24小时不间断运行，可实现定时采集，无需人员值守，灵活契合业务场景，帮你提升采集效率，保障数据时效性。",作者：keven
新闻16：过去10年，谁是全国进步最快的省市？,https://demo.bazhuayu.com/16,2022-08-05 16:43,16新闻内容详情,"16新闻详情内容，以下为示例内容：




八爪鱼采集器整合了网页数据采集、移动互联网数据及API接口服务（包括数据爬虫、数据优化、数据挖掘、数据存储、数据备份）等服务为一体的数据采集工具，已连续6年蝉联互联网数据采集软件榜单第一名，截止2021年全球用户已突破300万。




模板采集模式：内置上百种主流网站数据源，如京东、天猫、大众点评等热门采集网站，只需参照模板简单设置参数，就可以快速获取网站公开数据。




智能采集：八爪鱼采集可根据不同网站，提供多种网页采集策略与配套资源，可自定义配置，组合运用，自动化处理。从而帮助整个采集过程实现数据的完整性与稳定性。




云采集：由5000多台云服务器支撑的云采集，7*24小时不间断运行，可实现定时采集，无需人员值守，灵活契合业务场景，帮你提升采集效率，保障数据时效性。",作者：keven
新闻17：数据源盘点丨230个新闻媒体数据源汇总，附下载链接！,https://demo.bazhuayu.com/17,2022-08-05 16:43,,,
